<?xml version="1.0" encoding="utf-8"?>
<tree>
	<item id="1" text="Books" open="1">
		<item id="5" text="Stephen King">
			<item id="11" text="The Dead Zone"/>
			<item id="12" text="The Running Man"/>
			<item id="13" text="The Talisman"/>
			<item id="14" text="The Tommyknockers"/>
			<item id="15" text="The Green Mile"/>
			<item id="16" text="The Girl Who Loved Tom Gordon"/>
			<item id="17" text="Dreamcatcher"/>
			<item id="18" text="Blood and Smoke"/>
		</item>
		<item id="6" text="Herbert Wells" open="1">
			<item id="19" text="The Time Machine"/>
			<item id="20" text="The Island of Doctor Moreau"/>
			<item id="21" text="The Invisible Man"/>
			<item id="22" text="The First Men in the Moon"/>
			<item id="23" text="The War of the Worlds"/>
		</item>
		<item id="7" text="Mark Twen">
			<item id="24" text="The Adventures of Tom Sawyer"/>
			<item id="25" text="The Prince and the Pauper"/>
			<item id="26" text="Adventures of Huckleberry Finn"/>
			<item id="27" text="Tom Sawyer Abroad"/>
			<item id="28" text="Tom Sawyer Detective"/>
			<item id="29" text="Personal Recollections of Joan of Arc"/>
		</item>
	</item>
	<item id="2" text="Misc">
		<item id="8" text="Turned at Dark / C. C. Hunter"/>
		<item id="9" text="Daire Meets Ever / Alyson Noël"/>
		<item id="10" text="Socs and Greasers / Rob Lowe"/>
	</item>
	<item id="3" text="Privacy and Terms.pdf"/>
	<item id="4" text="Licence Agreement.pdf"/>
</tree>