{
	"items" : [
		{
			"type":"block", "text":"office document", "list":[
				{"id" : "group_1", "type" : "group", "list" : [
					{"id" : "open", "type":"button", "text":"Open", "img" : "48/open.gif", "imgdis" : "48/open_dis.gif"},
					{"id" : "print","type":"button", "text":"Print" , "img" : "48/printer.png", "imgdis" : "48/printer_dis.gif"},
					{"id" : "preview","type":"button", "text":"Preview", "img" : "48/zoom_selection.png"}
				]},
				{ "id" : "group_2", "type" : "group", "list" : [
					{"id" : "copy", "type":"buttonTwoState", "text":"copy", "img" : "18/copy.gif", "imgdis" : "18/copy_dis.gif"},
					{"id" : "find", "type":"buttonTwoState", "text":"find" , "img" : "48/page_find.png"},
					{"id" : "go_to", "type":"buttonTwoState", "text":"go to" , "img" : "48/tab_go.png"}
				]},
				{"id" : "group_3", "type" : "group", "list" : [
					{"id" : "bold", "type":"button", "text":"bold", "img" : "18/text_bold.png"},
					{"id" : "italis","type":"button", "text":"italic" , "img" : "18/text_italic.png" },
					{"id" : "strikethrough","type":"button", "text":"strikethrough", "img" : "18/text_strikethroungh.png" }
				]}
			]
		}
	]
}
