<?xml version="1.0"?>
<items>
	<item type="settings" position="label-left" labelWidth="130" inputWidth="120"/>
	<item type="fieldset" name="data" inputWidth="auto" label="Init from XML">
		<item type="radio" name="type" value="have_account" labelWidth="auto" position="label-right" checked="true" label="Already have account">
			<userdata name="check_session">true</userdata>
			<userdata name="exp_days">10</userdata>
			<item type="input" value="p_rossi" label="Login" name="login">
				<userdata name="max_lentgh">15</userdata>
				<userdata name="char_allowed">a-zA-Z0-9_-</userdata>
			</item>
			<item type="password" value="123" label="Password"/>
			<item type="checkbox" checked="true" label="Remember me"/>
		</item>
		<item type="radio" name="type" labelWidth="auto" position="label-right" label="Not registered yet">
			<item type="input" value="p_rossi" label="Login"/>
			<item type="password" value="123" label="Password"/>
			<item type="password" value="123" label="Confirm Password"/>
			<item type="input" value="p_rossi@example.com" label="E-mail Address"/>
		</item>
		<item type="button" value="Proceed" name="proceed">
			<userdata name="skip_validation">true</userdata>
		</item>
	</item>
</items>
