<?xml version="1.0"?>
<items>
	<item type="settings" position="label-left" labelWidth="120" inputWidth="140"/>
	<item type="label" label="Init from XML" labelWidth="auto"/>
	<item type="input" label="Name" value="John Smith"/>
	<item type="password" label="Password" value="123"/>
	<item type="select" label="Session">
		<option value="1" text="Administration" selected="true"/>
		<option value="2" text="Design"/>
		<option value="3" text="Manage Articles"/>
	</item>
	<item type="calendar" dateFormat="%Y-%m-%d %H:%i" name="start_date" label="Start Date" readonly="true" value="2011-06-20 14:38" enableTime="true" calendarPosition="right"/>
	<item type="calendar" name="end_date" label="End Date" readonly="true" dateFormat="%Y-%m-%d" serverDateFormat="%d.%m.%Y" value="20.06.2011" calendarPosition="right"/>
</items>
