<?xml version="1.0"?>
<items>
	<item type="settings" position="label-left" labelWidth="150" inputWidth="160"/>
	<item type="label" label="Init from XML" labelWidth="auto"/>
	<item type="combo" label="Combo with images" comboType="image" name="country" comboImagePath="../common/imgs_combo/">
		<option value="denmark" img="denmark.png" text="Denmark"/>
		<option value="finland" img="finland.png" text="Finland" selected="true"/>
		<option value="germany" img="germany.png" text="Germany"/>
		<option value="italy" img="italy.png" text="Italy"/>
	</item>
</items>
