<?xml version="1.0"?>
<items>
	<item type="settings" position="label-left" labelWidth="250" inputWidth="120"/>
	<item type="fieldset" label="Number Formats" inputWidth="auto">
		<item type="input" name="t1" label="Format=0,000.00" value="1234567.8987" numberFormat="0,000.00"/>
		<item type="input" name="t2" label="Format=@ 0,00 (before_change=false)" value="123456.78" numberFormat="@ 0,00" groupSep=":"/>
		<item type="input" name="t3" label="Format=$ 0.00" value="125750.99" numberFormat="$ 0,000.00" groupSep="," decSep="."/>
		<item type="input" name="t4" label="Format=0,000 Rub" value="10250.45" numberFormat="0,000 Rub" groupSep="'"/>
		<item type="input" name="t5" label="Format=0,000.00 Kr (set with script)" value="99570.45"/>
	</item>
</items>
