<?xml version="1.0" encoding="UTF-8"?>
<data>
	<item id="1">
		<name><![CDATA[Sigmund Steuber]]></name>
		<address><![CDATA[866 Kris Drive]]></address>
		<city><![CDATA[North Rosettabury]]></city>
		<state><![CDATA[NH]]></state>
		<zip><![CDATA[69167]]></zip>
	</item>
	<item id="2">
		<name><![CDATA[Darion Considine]]></name>
		<address><![CDATA[8318 Kristy Skyway]]></address>
		<city><![CDATA[Vernerside]]></city>
		<state><![CDATA[WA]]></state>
		<zip><![CDATA[01338]]></zip>
	</item>
	<item id="3">
		<name><![CDATA[Reid Raynor]]></name>
		<address><![CDATA[63041 Parisian Run]]></address>
		<city><![CDATA[Nolanberg]]></city>
		<state><![CDATA[MN]]></state>
		<zip><![CDATA[08625-2763]]></zip>
	</item>
	<item id="4">
		<name><![CDATA[Angus Conroy]]></name>
		<address><![CDATA[528 Considine Viaduct]]></address>
		<city><![CDATA[Nelschester]]></city>
		<state><![CDATA[ME]]></state>
		<zip><![CDATA[42589-0752]]></zip>
	</item>
	<item id="5">
		<name><![CDATA[Grace Friesen]]></name>
		<address><![CDATA[212 Adelle Plaza]]></address>
		<city><![CDATA[New Stephany]]></city>
		<state><![CDATA[OR]]></state>
		<zip><![CDATA[70658-1454]]></zip>
	</item>
	<item id="6">
		<name><![CDATA[Lonny DuBuque]]></name>
		<address><![CDATA[353 Lorenz Fords]]></address>
		<city><![CDATA[West Easton]]></city>
		<state><![CDATA[OK]]></state>
		<zip><![CDATA[49704-5220]]></zip>
	</item>
	<item id="7">
		<name><![CDATA[Dock Ward]]></name>
		<address><![CDATA[28354 Predovic Corner]]></address>
		<city><![CDATA[New Napoleon]]></city>
		<state><![CDATA[AZ]]></state>
		<zip><![CDATA[35039-5934]]></zip>
	</item>
	<item id="8">
		<name><![CDATA[Kaya Wiza]]></name>
		<address><![CDATA[73313 Gregory Port]]></address>
		<city><![CDATA[Maggiobury]]></city>
		<state><![CDATA[IL]]></state>
		<zip><![CDATA[51553]]></zip>
	</item>
	<item id="9">
		<name><![CDATA[Gideon Olson]]></name>
		<address><![CDATA[7423 Wiza Station]]></address>
		<city><![CDATA[Botsfordberg]]></city>
		<state><![CDATA[OH]]></state>
		<zip><![CDATA[61022]]></zip>
	</item>
	<item id="10">
		<name><![CDATA[Imelda Dicki]]></name>
		<address><![CDATA[198 Koby Junctions]]></address>
		<city><![CDATA[Daronport]]></city>
		<state><![CDATA[CA]]></state>
		<zip><![CDATA[77571]]></zip>
	</item>
	<item id="11">
		<name><![CDATA[Keven Kemmer]]></name>
		<address><![CDATA[192 Spencer Spring]]></address>
		<city><![CDATA[Dooleyfurt]]></city>
		<state><![CDATA[DE]]></state>
		<zip><![CDATA[49592]]></zip>
	</item>
	<item id="12">
		<name><![CDATA[Haleigh Moen]]></name>
		<address><![CDATA[573 Ryley Lights]]></address>
		<city><![CDATA[Arnoside]]></city>
		<state><![CDATA[WA]]></state>
		<zip><![CDATA[11359-5517]]></zip>
	</item>
	<item id="13">
		<name><![CDATA[Pierce Herman]]></name>
		<address><![CDATA[97428 Sanford Lodge]]></address>
		<city><![CDATA[Harveyside]]></city>
		<state><![CDATA[VA]]></state>
		<zip><![CDATA[93177-1650]]></zip>
	</item>
	<item id="14">
		<name><![CDATA[Ali D'Amore]]></name>
		<address><![CDATA[67058 Witting Mountain]]></address>
		<city><![CDATA[Valentineton]]></city>
		<state><![CDATA[MI]]></state>
		<zip><![CDATA[43966]]></zip>
	</item>
	<item id="15">
		<name><![CDATA[Bridget Wuckert]]></name>
		<address><![CDATA[3502 Swift Cliffs]]></address>
		<city><![CDATA[Bayerview]]></city>
		<state><![CDATA[VA]]></state>
		<zip><![CDATA[15606-4888]]></zip>
	</item>
	<item id="16">
		<name><![CDATA[Gianni Pfannerstill]]></name>
		<address><![CDATA[799 Patricia Junction]]></address>
		<city><![CDATA[Jodietown]]></city>
		<state><![CDATA[TX]]></state>
		<zip><![CDATA[70168]]></zip>
	</item>
	<item id="17">
		<name><![CDATA[Georgianna Stiedemann]]></name>
		<address><![CDATA[6617 Jermaine Plains]]></address>
		<city><![CDATA[South Karley]]></city>
		<state><![CDATA[VT]]></state>
		<zip><![CDATA[52537]]></zip>
	</item>
	<item id="18">
		<name><![CDATA[Keara Legros]]></name>
		<address><![CDATA[1314 Hartmann Lakes]]></address>
		<city><![CDATA[Huelberg]]></city>
		<state><![CDATA[CO]]></state>
		<zip><![CDATA[08223]]></zip>
	</item>
	<item id="19">
		<name><![CDATA[Dwight Hauck]]></name>
		<address><![CDATA[499 Adams Street]]></address>
		<city><![CDATA[North Lewis]]></city>
		<state><![CDATA[NH]]></state>
		<zip><![CDATA[94729-4304]]></zip>
	</item>
	<item id="20">
		<name><![CDATA[Friedrich Treutel]]></name>
		<address><![CDATA[496 Edison Plain]]></address>
		<city><![CDATA[West Yadiraland]]></city>
		<state><![CDATA[RI]]></state>
		<zip><![CDATA[38678-2438]]></zip>
	</item>
	<item id="21">
		<name><![CDATA[Eryn Cummings]]></name>
		<address><![CDATA[952 Huel Wall]]></address>
		<city><![CDATA[Harberberg]]></city>
		<state><![CDATA[MN]]></state>
		<zip><![CDATA[29349-4782]]></zip>
	</item>
	<item id="22">
		<name><![CDATA[Jaleel Hackett]]></name>
		<address><![CDATA[916 Graham Spur]]></address>
		<city><![CDATA[East Eloise]]></city>
		<state><![CDATA[TX]]></state>
		<zip><![CDATA[74820-4075]]></zip>
	</item>
	<item id="23">
		<name><![CDATA[Jackson Reichel]]></name>
		<address><![CDATA[62127 Russel Alley]]></address>
		<city><![CDATA[Kaylafort]]></city>
		<state><![CDATA[OK]]></state>
		<zip><![CDATA[01599-1607]]></zip>
	</item>
	<item id="24">
		<name><![CDATA[Louie Borer]]></name>
		<address><![CDATA[385 Tracey Estates]]></address>
		<city><![CDATA[New Laurelport]]></city>
		<state><![CDATA[NC]]></state>
		<zip><![CDATA[86437-9887]]></zip>
	</item>
	<item id="25">
		<name><![CDATA[Danyka Leffler]]></name>
		<address><![CDATA[496 Nitzsche Estate]]></address>
		<city><![CDATA[Alaniston]]></city>
		<state><![CDATA[NV]]></state>
		<zip><![CDATA[19382-8400]]></zip>
	</item>
	<item id="26">
		<name><![CDATA[Maud Bode]]></name>
		<address><![CDATA[13618 Delilah Fort]]></address>
		<city><![CDATA[Kihnview]]></city>
		<state><![CDATA[SC]]></state>
		<zip><![CDATA[09809-4445]]></zip>
	</item>
	<item id="27">
		<name><![CDATA[Hailee Jaskolski]]></name>
		<address><![CDATA[745 Beahan Square]]></address>
		<city><![CDATA[West Malika]]></city>
		<state><![CDATA[CT]]></state>
		<zip><![CDATA[30111-0112]]></zip>
	</item>
	<item id="28">
		<name><![CDATA[Tamia Herman]]></name>
		<address><![CDATA[50360 VonRueden Islands]]></address>
		<city><![CDATA[New Aylinville]]></city>
		<state><![CDATA[SD]]></state>
		<zip><![CDATA[14416]]></zip>
	</item>
	<item id="29">
		<name><![CDATA[Jedidiah Franecki]]></name>
		<address><![CDATA[8300 Robb Trafficway]]></address>
		<city><![CDATA[South Wyatt]]></city>
		<state><![CDATA[MS]]></state>
		<zip><![CDATA[13002]]></zip>
	</item>
	<item id="30">
		<name><![CDATA[Sanford Cassin]]></name>
		<address><![CDATA[8463 Thompson Port]]></address>
		<city><![CDATA[Heaneyshire]]></city>
		<state><![CDATA[NJ]]></state>
		<zip><![CDATA[32633-1827]]></zip>
	</item>
	<item id="31">
		<name><![CDATA[Domenico Beier]]></name>
		<address><![CDATA[29485 Kertzmann Lights]]></address>
		<city><![CDATA[Lake Dolores]]></city>
		<state><![CDATA[NC]]></state>
		<zip><![CDATA[60075]]></zip>
	</item>
	<item id="32">
		<name><![CDATA[Lon Barrows]]></name>
		<address><![CDATA[6677 Ima Walks]]></address>
		<city><![CDATA[North Brett]]></city>
		<state><![CDATA[OH]]></state>
		<zip><![CDATA[99052]]></zip>
	</item>
	<item id="33">
		<name><![CDATA[Wilford Williamson]]></name>
		<address><![CDATA[782 Lindgren Fields]]></address>
		<city><![CDATA[Lake Josianne]]></city>
		<state><![CDATA[CO]]></state>
		<zip><![CDATA[96457]]></zip>
	</item>
	<item id="34">
		<name><![CDATA[Mohammed Gibson]]></name>
		<address><![CDATA[210 Orn Estates]]></address>
		<city><![CDATA[Alysonside]]></city>
		<state><![CDATA[HI]]></state>
		<zip><![CDATA[43659]]></zip>
	</item>
	<item id="35">
		<name><![CDATA[Bryon Dibbert]]></name>
		<address><![CDATA[72083 Spinka Ranch]]></address>
		<city><![CDATA[Port Rodrigo]]></city>
		<state><![CDATA[CO]]></state>
		<zip><![CDATA[50072-4075]]></zip>
	</item>
	<item id="36">
		<name><![CDATA[Marjolaine Emard]]></name>
		<address><![CDATA[2866 Carrie Circle]]></address>
		<city><![CDATA[Kentonshire]]></city>
		<state><![CDATA[CO]]></state>
		<zip><![CDATA[89103-0209]]></zip>
	</item>
	<item id="37">
		<name><![CDATA[Baron Gerlach]]></name>
		<address><![CDATA[99601 Lehner Fall]]></address>
		<city><![CDATA[New Hortensestad]]></city>
		<state><![CDATA[DE]]></state>
		<zip><![CDATA[30180]]></zip>
	</item>
	<item id="38">
		<name><![CDATA[Lennie Bauch]]></name>
		<address><![CDATA[7944 Domingo Cove]]></address>
		<city><![CDATA[Lake Kacichester]]></city>
		<state><![CDATA[OH]]></state>
		<zip><![CDATA[37392]]></zip>
	</item>
	<item id="39">
		<name><![CDATA[Krystal Stehr]]></name>
		<address><![CDATA[79084 Roman Burgs]]></address>
		<city><![CDATA[Bartolettimouth]]></city>
		<state><![CDATA[ID]]></state>
		<zip><![CDATA[58119]]></zip>
	</item>
	<item id="40">
		<name><![CDATA[Imelda Cartwright]]></name>
		<address><![CDATA[85509 Jaylin Branch]]></address>
		<city><![CDATA[North Darrick]]></city>
		<state><![CDATA[NH]]></state>
		<zip><![CDATA[77902-8240]]></zip>
	</item>
	<item id="41">
		<name><![CDATA[Mabelle Cremin]]></name>
		<address><![CDATA[773 Kohler Gateway]]></address>
		<city><![CDATA[East Kari]]></city>
		<state><![CDATA[MI]]></state>
		<zip><![CDATA[81800-7691]]></zip>
	</item>
	<item id="42">
		<name><![CDATA[Alford Langosh]]></name>
		<address><![CDATA[0967 Boyer Brook]]></address>
		<city><![CDATA[Schusterport]]></city>
		<state><![CDATA[CA]]></state>
		<zip><![CDATA[11380]]></zip>
	</item>
	<item id="43">
		<name><![CDATA[Dominic Mann]]></name>
		<address><![CDATA[928 Doyle Radial]]></address>
		<city><![CDATA[Port Waltermouth]]></city>
		<state><![CDATA[GA]]></state>
		<zip><![CDATA[23808]]></zip>
	</item>
	<item id="44">
		<name><![CDATA[Adah Nader]]></name>
		<address><![CDATA[14903 Block Mountains]]></address>
		<city><![CDATA[Jakubowskiport]]></city>
		<state><![CDATA[OR]]></state>
		<zip><![CDATA[15136]]></zip>
	</item>
	<item id="45">
		<name><![CDATA[Garry Okuneva]]></name>
		<address><![CDATA[3231 Eloy Crossing]]></address>
		<city><![CDATA[South Dougborough]]></city>
		<state><![CDATA[KS]]></state>
		<zip><![CDATA[55481-8929]]></zip>
	</item>
	<item id="46">
		<name><![CDATA[Noemie Shields]]></name>
		<address><![CDATA[6450 Kerluke Rapid]]></address>
		<city><![CDATA[East Sheldonton]]></city>
		<state><![CDATA[GA]]></state>
		<zip><![CDATA[43758]]></zip>
	</item>
	<item id="47">
		<name><![CDATA[Lea Torp]]></name>
		<address><![CDATA[2894 Kassulke Courts]]></address>
		<city><![CDATA[Schmittport]]></city>
		<state><![CDATA[AL]]></state>
		<zip><![CDATA[90547-2288]]></zip>
	</item>
	<item id="48">
		<name><![CDATA[Korey Kihn]]></name>
		<address><![CDATA[23276 Langworth Fall]]></address>
		<city><![CDATA[East Joel]]></city>
		<state><![CDATA[NM]]></state>
		<zip><![CDATA[60038-2185]]></zip>
	</item>
	<item id="49">
		<name><![CDATA[Seamus Schumm]]></name>
		<address><![CDATA[9207 Kaela Extension]]></address>
		<city><![CDATA[Hermannberg]]></city>
		<state><![CDATA[AL]]></state>
		<zip><![CDATA[86263-1856]]></zip>
	</item>
	<item id="50">
		<name><![CDATA[Wilhelm Barton]]></name>
		<address><![CDATA[487 Champlin Pines]]></address>
		<city><![CDATA[Maceymouth]]></city>
		<state><![CDATA[WI]]></state>
		<zip><![CDATA[29009]]></zip>
	</item>
</data>