<?xml version="1.0" encoding="UTF-8"?>
<rows>
	<head>
		<column width="*" type="ro" align="left" sort="str">Name</column>
		<column width="*" type="ro" align="left" sort="int">Address</column>
		<column width="50" type="ro" align="left" sort="str">State</column>
	</head>
	<row id="1">
		<cell><![CDATA[Mac Fadel]]></cell>
		<cell><![CDATA[4765 Martina Springs]]></cell>
		<cell><![CDATA[SD]]></cell>
	</row>
	<row id="2">
		<cell><![CDATA[Carolyn Bahringer]]></cell>
		<cell><![CDATA[6841 Solon Oval]]></cell>
		<cell><![CDATA[MS]]></cell>
	</row>
	<row id="3">
		<cell><![CDATA[Jameson Towne]]></cell>
		<cell><![CDATA[12949 Easton Manors]]></cell>
		<cell><![CDATA[ND]]></cell>
	</row>
	<row id="4">
		<cell><![CDATA[Joshua Ebert]]></cell>
		<cell><![CDATA[09082 Dach Union]]></cell>
		<cell><![CDATA[NM]]></cell>
	</row>
	<row id="5">
		<cell><![CDATA[Heath Sawayn]]></cell>
		<cell><![CDATA[932 Stanton Road]]></cell>
		<cell><![CDATA[VT]]></cell>
	</row>
	<row id="6">
		<cell><![CDATA[Santina VonRueden]]></cell>
		<cell><![CDATA[25207 Shawna Landing]]></cell>
		<cell><![CDATA[ID]]></cell>
	</row>
	<row id="7">
		<cell><![CDATA[Luella Farrell]]></cell>
		<cell><![CDATA[668 Reynolds Spring]]></cell>
		<cell><![CDATA[MT]]></cell>
	</row>
	<row id="8">
		<cell><![CDATA[Bonnie Oberbrunner]]></cell>
		<cell><![CDATA[3020 Cruz Port]]></cell>
		<cell><![CDATA[PA]]></cell>
	</row>
	<row id="9">
		<cell><![CDATA[Bonita Bahringer]]></cell>
		<cell><![CDATA[5670 Kiel Mountain]]></cell>
		<cell><![CDATA[NM]]></cell>
	</row>
	<row id="10">
		<cell><![CDATA[Wilburn Rosenbaum]]></cell>
		<cell><![CDATA[94389 Audrey Shoal]]></cell>
		<cell><![CDATA[RI]]></cell>
	</row>
	<row id="11">
		<cell><![CDATA[Nola Bayer]]></cell>
		<cell><![CDATA[227 Elnora Oval]]></cell>
		<cell><![CDATA[NJ]]></cell>
	</row>
	<row id="12">
		<cell><![CDATA[Chadd Abbott]]></cell>
		<cell><![CDATA[7719 McCullough Inlet]]></cell>
		<cell><![CDATA[CT]]></cell>
	</row>
	<row id="13">
		<cell><![CDATA[Elvera Johns]]></cell>
		<cell><![CDATA[563 Collins Glens]]></cell>
		<cell><![CDATA[AR]]></cell>
	</row>
	<row id="14">
		<cell><![CDATA[Stan Oberbrunner]]></cell>
		<cell><![CDATA[42266 Ryan Rest]]></cell>
		<cell><![CDATA[MO]]></cell>
	</row>
	<row id="15">
		<cell><![CDATA[Gunnar Rice]]></cell>
		<cell><![CDATA[54699 Golda Branch]]></cell>
		<cell><![CDATA[FL]]></cell>
	</row>
	<row id="16">
		<cell><![CDATA[Gaston Kunde]]></cell>
		<cell><![CDATA[95747 Dickens Ways]]></cell>
		<cell><![CDATA[MS]]></cell>
	</row>
	<row id="17">
		<cell><![CDATA[Lelah Thompson]]></cell>
		<cell><![CDATA[60053 Cole Forest]]></cell>
		<cell><![CDATA[WI]]></cell>
	</row>
	<row id="18">
		<cell><![CDATA[Brycen Jones]]></cell>
		<cell><![CDATA[336 Harris Isle]]></cell>
		<cell><![CDATA[AL]]></cell>
	</row>
	<row id="19">
		<cell><![CDATA[Hershel Leffler]]></cell>
		<cell><![CDATA[775 Jacklyn Extension]]></cell>
		<cell><![CDATA[MN]]></cell>
	</row>
	<row id="20">
		<cell><![CDATA[Glenda Ortiz]]></cell>
		<cell><![CDATA[363 Berneice Landing]]></cell>
		<cell><![CDATA[DE]]></cell>
	</row>
	<row id="21">
		<cell><![CDATA[Llewellyn Kertzmann]]></cell>
		<cell><![CDATA[842 Orn Lock]]></cell>
		<cell><![CDATA[PA]]></cell>
	</row>
	<row id="22">
		<cell><![CDATA[Nasir Harris]]></cell>
		<cell><![CDATA[37231 Narciso Flat]]></cell>
		<cell><![CDATA[NH]]></cell>
	</row>
	<row id="23">
		<cell><![CDATA[Bell Kemmer]]></cell>
		<cell><![CDATA[5051 Jadyn Valleys]]></cell>
		<cell><![CDATA[WI]]></cell>
	</row>
	<row id="24">
		<cell><![CDATA[Mckenzie Schiller]]></cell>
		<cell><![CDATA[5994 Hessel Walks]]></cell>
		<cell><![CDATA[UT]]></cell>
	</row>
	<row id="25">
		<cell><![CDATA[Elenor White]]></cell>
		<cell><![CDATA[9124 Leo Extension]]></cell>
		<cell><![CDATA[WV]]></cell>
	</row>
	<row id="26">
		<cell><![CDATA[Geovanny Boehm]]></cell>
		<cell><![CDATA[1051 Hoppe Points]]></cell>
		<cell><![CDATA[NH]]></cell>
	</row>
	<row id="27">
		<cell><![CDATA[Tyrese Lueilwitz]]></cell>
		<cell><![CDATA[2536 Von Plains]]></cell>
		<cell><![CDATA[WV]]></cell>
	</row>
	<row id="28">
		<cell><![CDATA[Adonis West]]></cell>
		<cell><![CDATA[2813 Jensen Road]]></cell>
		<cell><![CDATA[VA]]></cell>
	</row>
	<row id="29">
		<cell><![CDATA[Ashton Orn]]></cell>
		<cell><![CDATA[95207 Claud Centers]]></cell>
		<cell><![CDATA[SD]]></cell>
	</row>
	<row id="30">
		<cell><![CDATA[Jerald Strosin]]></cell>
		<cell><![CDATA[505 Estella Canyon]]></cell>
		<cell><![CDATA[KY]]></cell>
	</row>
	<row id="31">
		<cell><![CDATA[Crystal Fay]]></cell>
		<cell><![CDATA[14571 Vella Mountain]]></cell>
		<cell><![CDATA[WI]]></cell>
	</row>
	<row id="32">
		<cell><![CDATA[Mathilde Schmitt]]></cell>
		<cell><![CDATA[114 Dena Cliff]]></cell>
		<cell><![CDATA[NC]]></cell>
	</row>
	<row id="33">
		<cell><![CDATA[Jacky Reilly]]></cell>
		<cell><![CDATA[2131 Lynn Squares]]></cell>
		<cell><![CDATA[AR]]></cell>
	</row>
	<row id="34">
		<cell><![CDATA[Jon Fadel]]></cell>
		<cell><![CDATA[4135 Liliane Ranch]]></cell>
		<cell><![CDATA[MS]]></cell>
	</row>
	<row id="35">
		<cell><![CDATA[Tremaine Lockman]]></cell>
		<cell><![CDATA[33714 Schuster Lights]]></cell>
		<cell><![CDATA[IN]]></cell>
	</row>
	<row id="36">
		<cell><![CDATA[Adriana Jacobson]]></cell>
		<cell><![CDATA[542 Delpha Drives]]></cell>
		<cell><![CDATA[WA]]></cell>
	</row>
	<row id="37">
		<cell><![CDATA[Gisselle Corwin]]></cell>
		<cell><![CDATA[420 Betty Stravenue]]></cell>
		<cell><![CDATA[NV]]></cell>
	</row>
	<row id="38">
		<cell><![CDATA[Adriana Adams]]></cell>
		<cell><![CDATA[07586 Brakus Neck]]></cell>
		<cell><![CDATA[MI]]></cell>
	</row>
	<row id="39">
		<cell><![CDATA[Kirsten Simonis]]></cell>
		<cell><![CDATA[48008 Mann Lodge]]></cell>
		<cell><![CDATA[SC]]></cell>
	</row>
	<row id="40">
		<cell><![CDATA[Amara Pfannerstill]]></cell>
		<cell><![CDATA[7650 Brock Locks]]></cell>
		<cell><![CDATA[MS]]></cell>
	</row>
	<row id="41">
		<cell><![CDATA[Wilson Boyer]]></cell>
		<cell><![CDATA[201 Willard Run]]></cell>
		<cell><![CDATA[CA]]></cell>
	</row>
	<row id="42">
		<cell><![CDATA[Stanford Cummings]]></cell>
		<cell><![CDATA[897 Enid Green]]></cell>
		<cell><![CDATA[NC]]></cell>
	</row>
	<row id="43">
		<cell><![CDATA[Uriel Shields]]></cell>
		<cell><![CDATA[665 Krystina Rapids]]></cell>
		<cell><![CDATA[WV]]></cell>
	</row>
	<row id="44">
		<cell><![CDATA[Dedrick Shields]]></cell>
		<cell><![CDATA[0039 Schultz Gardens]]></cell>
		<cell><![CDATA[NV]]></cell>
	</row>
	<row id="45">
		<cell><![CDATA[Gabriel Luettgen]]></cell>
		<cell><![CDATA[757 O'Keefe Crossing]]></cell>
		<cell><![CDATA[NV]]></cell>
	</row>
	<row id="46">
		<cell><![CDATA[Kaden Adams]]></cell>
		<cell><![CDATA[85070 Emelia Cliff]]></cell>
		<cell><![CDATA[WY]]></cell>
	</row>
	<row id="47">
		<cell><![CDATA[Eugenia Bradtke]]></cell>
		<cell><![CDATA[21886 Richie Knoll]]></cell>
		<cell><![CDATA[PA]]></cell>
	</row>
	<row id="48">
		<cell><![CDATA[Vivian Durgan]]></cell>
		<cell><![CDATA[0127 Max Key]]></cell>
		<cell><![CDATA[KY]]></cell>
	</row>
	<row id="49">
		<cell><![CDATA[Terry Marvin]]></cell>
		<cell><![CDATA[886 Schamberger Parks]]></cell>
		<cell><![CDATA[AZ]]></cell>
	</row>
	<row id="50">
		<cell><![CDATA[Lambert Beatty]]></cell>
		<cell><![CDATA[2934 Gutkowski Valleys]]></cell>
		<cell><![CDATA[AR]]></cell>
	</row>
	<row id="51">
		<cell><![CDATA[Ardith Murphy]]></cell>
		<cell><![CDATA[45950 Wyatt Passage]]></cell>
		<cell><![CDATA[ME]]></cell>
	</row>
	<row id="52">
		<cell><![CDATA[Mike Lehner]]></cell>
		<cell><![CDATA[96242 Dare Canyon]]></cell>
		<cell><![CDATA[AZ]]></cell>
	</row>
	<row id="53">
		<cell><![CDATA[Daphne Luettgen]]></cell>
		<cell><![CDATA[414 Moen Park]]></cell>
		<cell><![CDATA[WA]]></cell>
	</row>
	<row id="54">
		<cell><![CDATA[Makenna Wilderman]]></cell>
		<cell><![CDATA[162 Wisozk Orchard]]></cell>
		<cell><![CDATA[NJ]]></cell>
	</row>
	<row id="55">
		<cell><![CDATA[Will McLaughlin]]></cell>
		<cell><![CDATA[91641 Legros Causeway]]></cell>
		<cell><![CDATA[IA]]></cell>
	</row>
	<row id="56">
		<cell><![CDATA[Wilma Johnson]]></cell>
		<cell><![CDATA[8138 O'Hara Drives]]></cell>
		<cell><![CDATA[ME]]></cell>
	</row>
	<row id="57">
		<cell><![CDATA[Kristina Mann]]></cell>
		<cell><![CDATA[626 Vivianne Passage]]></cell>
		<cell><![CDATA[GA]]></cell>
	</row>
	<row id="58">
		<cell><![CDATA[Robyn Kertzmann]]></cell>
		<cell><![CDATA[0291 Edna Square]]></cell>
		<cell><![CDATA[OR]]></cell>
	</row>
	<row id="59">
		<cell><![CDATA[Mya Pouros]]></cell>
		<cell><![CDATA[833 Jerde Fork]]></cell>
		<cell><![CDATA[OH]]></cell>
	</row>
	<row id="60">
		<cell><![CDATA[Corbin Torphy]]></cell>
		<cell><![CDATA[59663 Uriel Orchard]]></cell>
		<cell><![CDATA[AR]]></cell>
	</row>
	<row id="61">
		<cell><![CDATA[Zachary Gibson]]></cell>
		<cell><![CDATA[761 Blanda Mount]]></cell>
		<cell><![CDATA[ME]]></cell>
	</row>
	<row id="62">
		<cell><![CDATA[Ines Turcotte]]></cell>
		<cell><![CDATA[546 Brakus Coves]]></cell>
		<cell><![CDATA[NY]]></cell>
	</row>
	<row id="63">
		<cell><![CDATA[Krystel Grant]]></cell>
		<cell><![CDATA[338 Rachel Crossroad]]></cell>
		<cell><![CDATA[MD]]></cell>
	</row>
	<row id="64">
		<cell><![CDATA[Shane Dibbert]]></cell>
		<cell><![CDATA[1678 Pagac Stravenue]]></cell>
		<cell><![CDATA[MD]]></cell>
	</row>
	<row id="65">
		<cell><![CDATA[Amari Funk]]></cell>
		<cell><![CDATA[32628 Wiegand Squares]]></cell>
		<cell><![CDATA[ID]]></cell>
	</row>
	<row id="66">
		<cell><![CDATA[Mallory Wintheiser]]></cell>
		<cell><![CDATA[7849 Eudora Trace]]></cell>
		<cell><![CDATA[MI]]></cell>
	</row>
	<row id="67">
		<cell><![CDATA[Watson Lind]]></cell>
		<cell><![CDATA[61744 Blanda Plaza]]></cell>
		<cell><![CDATA[UT]]></cell>
	</row>
	<row id="68">
		<cell><![CDATA[Odell Hamill]]></cell>
		<cell><![CDATA[41314 Weber Road]]></cell>
		<cell><![CDATA[AL]]></cell>
	</row>
	<row id="69">
		<cell><![CDATA[Marques Pfannerstill]]></cell>
		<cell><![CDATA[4253 Roob Mission]]></cell>
		<cell><![CDATA[LA]]></cell>
	</row>
	<row id="70">
		<cell><![CDATA[Irwin Lesch]]></cell>
		<cell><![CDATA[12042 Eulalia Field]]></cell>
		<cell><![CDATA[UT]]></cell>
	</row>
	<row id="71">
		<cell><![CDATA[Sammie Hand]]></cell>
		<cell><![CDATA[00301 Mueller Lodge]]></cell>
		<cell><![CDATA[CT]]></cell>
	</row>
	<row id="72">
		<cell><![CDATA[Amina Hane]]></cell>
		<cell><![CDATA[88970 Marlee Dam]]></cell>
		<cell><![CDATA[MO]]></cell>
	</row>
	<row id="73">
		<cell><![CDATA[Rogers Jacobson]]></cell>
		<cell><![CDATA[84900 Ratke Meadow]]></cell>
		<cell><![CDATA[LA]]></cell>
	</row>
	<row id="74">
		<cell><![CDATA[Sienna Ruecker]]></cell>
		<cell><![CDATA[11712 Vernie Park]]></cell>
		<cell><![CDATA[MT]]></cell>
	</row>
	<row id="75">
		<cell><![CDATA[Dasia Schuster]]></cell>
		<cell><![CDATA[68354 Boyle Square]]></cell>
		<cell><![CDATA[OR]]></cell>
	</row>
	<row id="76">
		<cell><![CDATA[Stephon Franecki]]></cell>
		<cell><![CDATA[58000 Matteo Villages]]></cell>
		<cell><![CDATA[GA]]></cell>
	</row>
	<row id="77">
		<cell><![CDATA[Clark Carter]]></cell>
		<cell><![CDATA[7280 Schaden Hollow]]></cell>
		<cell><![CDATA[GA]]></cell>
	</row>
	<row id="78">
		<cell><![CDATA[Sasha Monahan]]></cell>
		<cell><![CDATA[065 Cummings Island]]></cell>
		<cell><![CDATA[MD]]></cell>
	</row>
	<row id="79">
		<cell><![CDATA[Krystal Collier]]></cell>
		<cell><![CDATA[1709 Anderson Lodge]]></cell>
		<cell><![CDATA[WY]]></cell>
	</row>
	<row id="80">
		<cell><![CDATA[Clair Orn]]></cell>
		<cell><![CDATA[033 Spencer Canyon]]></cell>
		<cell><![CDATA[OK]]></cell>
	</row>
	<row id="81">
		<cell><![CDATA[Chris Grimes]]></cell>
		<cell><![CDATA[62360 Haylie Way]]></cell>
		<cell><![CDATA[ID]]></cell>
	</row>
	<row id="82">
		<cell><![CDATA[Kay Hagenes]]></cell>
		<cell><![CDATA[382 Cloyd Well]]></cell>
		<cell><![CDATA[DE]]></cell>
	</row>
	<row id="83">
		<cell><![CDATA[Selina Keeling]]></cell>
		<cell><![CDATA[29634 Holden Stream]]></cell>
		<cell><![CDATA[WV]]></cell>
	</row>
	<row id="84">
		<cell><![CDATA[Saige Williamson]]></cell>
		<cell><![CDATA[166 Guadalupe Garden]]></cell>
		<cell><![CDATA[NY]]></cell>
	</row>
	<row id="85">
		<cell><![CDATA[Scotty Terry]]></cell>
		<cell><![CDATA[554 Jermaine Drive]]></cell>
		<cell><![CDATA[ND]]></cell>
	</row>
	<row id="86">
		<cell><![CDATA[Edward VonRueden]]></cell>
		<cell><![CDATA[20586 Jose Underpass]]></cell>
		<cell><![CDATA[MS]]></cell>
	</row>
	<row id="87">
		<cell><![CDATA[Guido Schaden]]></cell>
		<cell><![CDATA[11743 Lebsack Pine]]></cell>
		<cell><![CDATA[HI]]></cell>
	</row>
	<row id="88">
		<cell><![CDATA[Stephania Kshlerin]]></cell>
		<cell><![CDATA[6290 Ada Drive]]></cell>
		<cell><![CDATA[MO]]></cell>
	</row>
	<row id="89">
		<cell><![CDATA[Yvette Sauer]]></cell>
		<cell><![CDATA[15118 Amya Squares]]></cell>
		<cell><![CDATA[RI]]></cell>
	</row>
	<row id="90">
		<cell><![CDATA[Mia Shanahan]]></cell>
		<cell><![CDATA[4267 Aurelio Place]]></cell>
		<cell><![CDATA[NM]]></cell>
	</row>
	<row id="91">
		<cell><![CDATA[Garfield Cormier]]></cell>
		<cell><![CDATA[39597 Dexter Ridge]]></cell>
		<cell><![CDATA[AR]]></cell>
	</row>
	<row id="92">
		<cell><![CDATA[Leopold Stiedemann]]></cell>
		<cell><![CDATA[9225 Ruth Ville]]></cell>
		<cell><![CDATA[CT]]></cell>
	</row>
	<row id="93">
		<cell><![CDATA[Etha Von]]></cell>
		<cell><![CDATA[937 Estell Field]]></cell>
		<cell><![CDATA[OR]]></cell>
	</row>
	<row id="94">
		<cell><![CDATA[Madonna Witting]]></cell>
		<cell><![CDATA[69048 Lang Greens]]></cell>
		<cell><![CDATA[MO]]></cell>
	</row>
	<row id="95">
		<cell><![CDATA[Aidan Hackett]]></cell>
		<cell><![CDATA[90217 Quitzon Estate]]></cell>
		<cell><![CDATA[SC]]></cell>
	</row>
	<row id="96">
		<cell><![CDATA[Kathlyn Hermann]]></cell>
		<cell><![CDATA[9833 Weimann Tunnel]]></cell>
		<cell><![CDATA[MO]]></cell>
	</row>
	<row id="97">
		<cell><![CDATA[Angeline Volkman]]></cell>
		<cell><![CDATA[9410 Senger Locks]]></cell>
		<cell><![CDATA[VT]]></cell>
	</row>
	<row id="98">
		<cell><![CDATA[Selmer Simonis]]></cell>
		<cell><![CDATA[598 Mabelle Fort]]></cell>
		<cell><![CDATA[IA]]></cell>
	</row>
	<row id="99">
		<cell><![CDATA[Brent Mann]]></cell>
		<cell><![CDATA[9528 Padberg Divide]]></cell>
		<cell><![CDATA[NJ]]></cell>
	</row>
	<row id="100">
		<cell><![CDATA[Christina Beer]]></cell>
		<cell><![CDATA[19924 Nienow Forges]]></cell>
		<cell><![CDATA[OK]]></cell>
	</row>
</rows>