<?xml version="1.0"?>
<tabbar>
	<tab id="a1" active="1">Tab 1
	    <content>
		<![CDATA[
			<style>
				h3.some_header {
					padding-left: 10px;
					padding-right: 10px;
					font-family: Roboto, Arial, Helvetica;
					color: #404040;
				}
				div.some_text {
					padding-left: 10px;
					padding-right: 10px;
					font-size: 14px;
					font-family: Roboto, Arial, Helvetica;
					color: #404040;
				}
			</style>
			<h3 class="some_header">This is tab 1</h3>
			<div class="some_text">Lorem ipsum dolor sit amet, consectetur adipisicing elit, sed do eiusmod tempor incididunt ut labore et dolore magna aliqua. Ut enim ad minim veniam, quis nostrud exercitation ullamco laboris nisi ut aliquip ex ea commodo consequat.</div>
		]]>
	    </content>
	</tab>
	<tab id="a2">Tab 2
	    <content>
		<![CDATA[
			<style>
				h3.some_header {
					padding-left: 10px;
					padding-right: 10px;
					font-family: Roboto, Arial, Helvetica;
					color: #404040;
				}
				div.some_text {
					padding-left: 10px;
					padding-right: 10px;
					font-size: 14px;
					font-family: Roboto, Arial, Helvetica;
					color: #404040;
				}
			</style>
			<h3 class="some_header">This is tab 2</h3>
			<div class="some_text">Duis aute irure dolor in reprehenderit in voluptate velit esse cillum dolore eu fugiat nulla pariatur. Excepteur sint occaecat cupidatat non proident, sunt in culpa qui officia deserunt mollit anim id est laborum.</div>
		]]>
	    </content>
	</tab>
</tabbar>