<?xml version='1.0' encoding='iso-8859-1'?>
<tree id="0">
	<item text="Books" id="books" call="1" select="1" checked="1">
		<item text="Horror" id="horror">
			<item text="Stephen King" id="sk"></item>
			<item text="Dan Brown" id="db">
				<item text="Angels &amp; Demons" id="db_1"/>
				<item text="Deception Point" id="db_2"/>
				<item text="Digital Fortress" id="db_3"/>
				<item text="The Da Vinci Code" id="db_4"/>
				<item text="Deception Point" id="db_5"/>
			</item>
			<item text="Mary Janice Davidson" id="mjd" checked="-1"></item>
			<item text="Katie Macalister" id="km" checked="1"></item>
		</item>
		<item text="Science Fiction &amp; Fantasy" id="fantasy">
			<item text="Audrey Niffenegger" id="af"></item>
			<item text="Philip Roth" id="pr" checked=""></item>
		</item>
	</item>
	<item text="Checkboxes" id="checks" open="1" checked="-1">
	<item text="checked= 0" id="check0" checked="0">
	</item>
	<item text="checked=-1" id="checkM1" checked="-1">
	</item>
	<item text="checked= 1" id="check1" checked="1">
	</item>
	</item>
</tree>
