<?xml version='1.0' encoding='iso-8859-1'?>
<tree id="0">
	<userdata name="created">21.07.2005</userdata>
	<userdata name="author">Ivan Petrenko</userdata>
	<userdata name="mode">ReadOnly</userdata>
	<item text="Books" id="books" call="1" select="1">
		<userdata name="timestamp">19:45</userdata>
		<item text="Mystery &amp; Thrillers" id="mystery">
			<item text="Lawrence Block" id="lb">
				<item text="All the Flowers Are Dying" id="lb_1"/>
				<item text="The Burglar on the Prowl" id="lb_2"/>
				<item text="The Plot Thickens" id="lb_3"/>
				<item text="Grifter's Game" id="lb_4"/>
				<item text="The Burglar Who Thought He Was Bogart" id="lb_5"/>
			</item>
			<item text="Robert Crais" id="rc">
				<item text="The Forgotten Man" id="rc_1"/>
				<item text="Stalking the Angel" id="rc_2"/>
				<item text="Free Fall" id="rc_3"/>
				<item text="Sunset Express" id="rc_4"/>
				<item text="Hostage" id="rc_5"/>
			</item>
			<item text="Ian Rankin" id="ir"></item>
			<item text="James Patterson" id="jp"></item>
			<item text="Nancy Atherton" id="na"></item>
		</item>
		<item text="History" id="history" locked="1">
			<item text="John Mack Faragher" id="jmf"></item>
			<item text="Jim Dwyer" id="jd" locked="0"></item>
			<item text="Larry Schweikart" id="ls"></item>
			<item text="R. Lee Ermey" id="rle" locked="1"></item>
		</item>
		<item text="Horror" id="horror">
			<item text="Stephen King" id="sk"></item>
			<item text="Dan Brown" id="db" open="1">
				<item text="Angels &amp; Demons" id="db_1"/>
				<item text="Deception Point" id="db_2"/>
				<item text="Digital Fortress" id="db_3"/>
				<item text="The Da Vinci Code" id="db_4"/>
				<item text="Deception Point" id="db_5"/>
			</item>
			<item text="Mary Janice Davidson" id="mjd"></item>
			<item text="Katie Macalister" id="km"></item>
		</item>
		<item text="Science Fiction &amp; Fantasy" id="fantasy">
			<item text="Audrey Niffenegger" id="af"></item>
			<item text="Philip Roth" id="pr"></item>
		</item>
		<item text="Sport" id="sport">
			<item text="Bill Reynolds" id="br"></item>
		</item>
		<item text="Teens" id="teens">
			<item text="Joss Whedon" id="jw">
				<item text="Astonishing X-Men" id="jw_1"/>
				<item text="Joss Whedon: The Genius Behind Buffy" id="jw_2"/>
				<item text="Fray" id="jw_3"/>
				<item text="Tales Of The Vampires" id="jw_4"/>
				<item text="The Harvest" id="jw_5"/>
			</item>
			<item text="Meg Cabot" id="mc"></item>
			<item text="Garth Nix" id="gn"></item>
			<item text="Ann Brashares" id="ab"></item>
		</item>
	</item>
	<item text="Magazines" id="magazines">
		<item text="Sport" id="mag_sp"></item>
	</item>
</tree> 
